run_id,workload,workload_mode,elapsed_ms,task_clock_ms,context_switches,page_faults,iters,runs,rules
20260530_064317,create_delete,baseline,1606,2,157,433,10,5,compiled_out
20260530_064317,rename,baseline,4462,na,284,791,10,5,compiled_out
20260530_064317,mkdir_rmdir,baseline,2652,na,215,613,10,5,compiled_out
20260530_065602,create_delete,branch,3746,na,273,432,10,5,file=open.rs -p,file=close.rs -p,file=unlink.rs -p
20260530_065602,rename,branch,6930,na,437,792,10,5,file=rename.rs -p
20260530_065602,mkdir_rmdir,branch,4448,96,319,612,10,5,file=mkdir.rs -p,file=rmdir.rs -p
20260530_070744,create_delete,disabled,1816,128,182,432,10,5,file=open.rs -p,file=close.rs -p,file=unlink.rs -p
20260530_070744,rename,disabled,4570,676,317,795,10,5,file=rename.rs -p
20260530_070744,mkdir_rmdir,disabled,3026,na,246,613,10,5,file=mkdir.rs -p,file=rmdir.rs -p
20260604_085554,create_delete,baseline,557,2,3061,91044,1000,20,compiled_out
20260604_085554,rename,baseline,1630,3,9092,269043,1000,20,compiled_out
20260604_085554,mkdir_rmdir,baseline,1111,2,6076,181031,1000,20,compiled_out
20260604_085554,pipe_comm,baseline,363,1,5079,58839,1000,20,compiled_out
20260604_085554,fork_wait,baseline,196,1,3047,31939,1000,20,compiled_out
20260604_085554,fd_dup_close,baseline,184,2,3048,31536,1000,20,compiled_out
20260604_090743,create_delete,branch,564,2,3061,91046,1000,20,file=open.rs -p,file=close.rs -p,file=unlink.rs -p
20260604_090743,rename,branch,1614,2,9091,272933,1000,20,file=rename.rs -p
20260604_090743,mkdir_rmdir,branch,1101,5,6077,182043,1000,20,file=mkdir.rs -p,file=rmdir.rs -p
20260604_090743,pipe_comm,branch,358,3,5091,58947,1000,20,file=pipe.rs -p,file=read.rs -p,file=write.rs -p
20260604_090743,fork_wait,branch,191,5,3047,33099,1000,20,file=clone.rs -p,file=wait4.rs -p
20260604_090743,fd_dup_close,branch,186,2,3047,31147,1000,20,file=dup.rs -p
20260604_090428,create_delete,disabled,560,3,3062,91046,1000,20,file=open.rs -p,file=close.rs -p,file=unlink.rs -p
20260604_090428,rename,disabled,1609,2,9090,272933,1000,20,file=rename.rs -p
20260604_090428,mkdir_rmdir,disabled,1067,3,6076,182043,1000,20,file=mkdir.rs -p,file=rmdir.rs -p
20260604_090428,pipe_comm,disabled,351,2,5083,58947,1000,20,file=pipe.rs -p,file=read.rs -p,file=write.rs -p
20260604_090428,fork_wait,disabled,189,1,3047,33099,1000,20,file=clone.rs -p,file=wait4.rs -p
20260604_090428,fd_dup_close,disabled,186,3,3047,31147,1000,20,file=dup.rs -p